kode_alternatif,kode_unor,unor,kode_jabatan,nama_jabatan,jenis_jabatan,abk,eksisting_asn,eksisting_non_asn,kebutuhan_ideal,pensiun_5th,kebutuhan_prioritas_unor,rasio_kebutuhan_unor,rasio_norm,nilai_jabatan,rasio_pemenuhan_unor,skala_keb_prioritas
A1,OPD-01,BADAN KESATUAN BANGSA DAN POLITIK,JP-08,PENELAAH TEKNIS KEBIJAKAN,PELAKSANA,2,1,0,1,0,1,0.5,0.5,1,0.616666667,4
A2,OPD-02,BADAN PENANGGULANGAN BENCANA DAERAH,JFT-16,PRANATA PENCARIAN DAN PERTOLONGAN PEMULA,FUNGSIONAL TEKNIS,12,1,8,3,0,1,0.083333333,0.083333333,2,0.266666667,4
A3,OPD-02,BADAN PENANGGULANGAN BENCANA DAERAH,JP-07,PENATA LAYANAN OPERASIONAL,PELAKSANA,1,0,0,1,0,1,1,1,1,0.266666667,3
A4,OPD-02,BADAN PENANGGULANGAN BENCANA DAERAH,JP-08,PENELAAH TEKNIS KEBIJAKAN,PELAKSANA,11,4,1,6,0,5,0.454545455,0.454545455,1,0.266666667,4
A5,OPD-03,BAGIAN ADMINISTRASI PEMBANGUNAN,JP-14,PENGOLAH DATA DAN INFORMASI,PELAKSANA,7,6,0,1,0,1,0.142857143,0.142857143,1,0.647058824,3
A6,OPD-04,BAGIAN ADMINISTRASI PEREKONOMIAN,JP-08,PENELAAH TEKNIS KEBIJAKAN,PELAKSANA,2,1,0,1,1,1,0.5,0.5,1,0.473684211,3
A7,OPD-05,BAGIAN HUKUM,JP-01,DOKUMENTALIS HUKUM,PELAKSANA,9,3,1,5,0,2,0.222222222,0.222222222,1,0.481481482,2
A8,OPD-06,BAGIAN ORGANISASI,JP-09,PENGADMINISTRASI PERKANTORAN,PELAKSANA,1,0,0,1,0,1,1,1,1,0.708333333,2
A9,OPD-07,BAGIAN PROTOKOL DAN KOMUNIKASI PIMPINAN,JP-08,PENELAAH TEKNIS KEBIJAKAN,PELAKSANA,9,2,3,4,0,2,0.222222222,0.222222222,1,0.565217391,4
A10,OPD-07,BAGIAN PROTOKOL DAN KOMUNIKASI PIMPINAN,JP-12,PENGELOLA LAYANAN OPERASIONAL,PELAKSANA,4,1,1,2,0,1,0.25,0.25,1,0.565217391,2
A11,OPD-07,BAGIAN PROTOKOL DAN KOMUNIKASI PIMPINAN,JP-13,PENGELOLA SIARAN,PELAKSANA,3,0,0,3,0,1,0.333333333,0.333333333,1,0.565217391,2
A12,OPD-08,DINAS KESEHATAN,JFK-01,ADMINISTRATOR KESEHATAN AHLI PERTAMA,FUNGSIONAL KESEHATAN,10,0,0,10,0,4,0.4,0.4,3,0.634730539,4
A13,OPD-08,DINAS KESEHATAN,JFK-18,ENTOMOLOG KESEHATAN AHLI PERTAMA,FUNGSIONAL KESEHATAN,2,1,0,1,0,1,0.5,0.5,3,0.634730539,3
A14,OPD-08,DINAS KESEHATAN,JFK-19,ENTOMOLOG KESEHATAN TERAMPIL,FUNGSIONAL KESEHATAN,2,0,0,2,0,1,0.5,0.5,3,0.634730539,3
A15,OPD-08,DINAS KESEHATAN,JFK-25,PENYULUH KESEHATAN MASYARAKAT AHLI PERTAMA,FUNGSIONAL KESEHATAN,3,2,1,0,0,1,0.333333333,0.333333333,3,0.634730539,2
A16,OPD-08,DINAS KESEHATAN,JP-03,OPERATOR LAYANAN OPERASIONAL,PELAKSANA,17,0,9,8,0,1,0.058823529,0.058823529,1,0.634730539,4
A17,OPD-08,DINAS KESEHATAN,JP-09,PENGADMINISTRASI PERKANTORAN,PELAKSANA,18,12,2,4,3,1,0.055555556,0.055555556,1,0.634730539,3
A18,OPD-08,DINAS KESEHATAN,JP-12,PENGELOLA LAYANAN OPERASIONAL,PELAKSANA,1,0,1,0,0,1,1,1,1,0.634730539,4
A19,OPD-08,DINAS KESEHATAN,JP-14,PENGOLAH DATA DAN INFORMASI,PELAKSANA,46,31,8,7,2,5,0.108695652,0.108695652,1,0.634730539,3
A20,OPD-09,DINAS KETAHANAN PANGAN DAN PERTANIAN,JP-11,PENGELOLA LAYANAN KELAUTAN DAN PERIKANAN,PELAKSANA,5,3,0,2,0,1,0.2,0.2,1,0.674698795,3
A21,OPD-09,DINAS KETAHANAN PANGAN DAN PERTANIAN,JP-14,PENGOLAH DATA DAN INFORMASI,PELAKSANA,18,15,1,2,1,1,0.055555556,0.055555556,1,0.674698795,4
A22,OPD-10,DINAS KOPERASI USAHA MIKRO DAN TENAGA KERJA,JFT-15,PRANATA KOMPUTER TERAMPIL,FUNGSIONAL TEKNIS,1,0,0,1,0,1,1,1,2,0.462264151,3
A23,OPD-10,DINAS KOPERASI USAHA MIKRO DAN TENAGA KERJA,JFT-SW-03,PENGAWAS KOPERASI AHLI PERTAMA,FUNGSIONAL TEKNIS (JFT-SW),18,0,0,18,0,3,0.166666667,0.166666667,4,0.462264151,2
A24,OPD-11,DINAS PEKERJAAN UMUM DAN PENATAAN RUANG,JFT-06,PENATA KELOLA JALAN DAN JEMBATAN AHLI PERTAMA,FUNGSIONAL TEKNIS,10,3,0,7,0,1,0.1,0.1,2,0.682051282,2
A25,OPD-11,DINAS PEKERJAAN UMUM DAN PENATAAN RUANG,JFT-07,PENATA KELOLA PENYEHATAN LINGKUNGAN AHLI PERTAMA,FUNGSIONAL TEKNIS,1,0,0,1,0,1,1,1,2,0.682051282,4
A26,OPD-11,DINAS PEKERJAAN UMUM DAN PENATAAN RUANG,JFT-10,PENGELOLA SUMBER DAYA AIR AHLI PERTAMA,FUNGSIONAL TEKNIS,10,2,0,8,0,1,0.1,0.1,2,0.682051282,3
A27,OPD-11,DINAS PEKERJAAN UMUM DAN PENATAAN RUANG,JP-04,OPERATOR PENGELOLAAN SUMBER DAYA AIR,PELAKSANA,6,2,0,4,0,2,0.333333333,0.333333333,1,0.682051282,2
A28,OPD-11,DINAS PEKERJAAN UMUM DAN PENATAAN RUANG,JP-05,PEMERIKSA SANITASI,PELAKSANA,2,0,0,2,0,1,0.5,0.5,1,0.682051282,2
A29,OPD-11,DINAS PEKERJAAN UMUM DAN PENATAAN RUANG,JP-06,PENATA LAKSANA AGRARIA DAN TATA RUANG,PELAKSANA,7,4,0,3,0,2,0.285714286,0.285714286,1,0.682051282,3
A30,OPD-11,DINAS PEKERJAAN UMUM DAN PENATAAN RUANG,JP-08,PENELAAH TEKNIS KEBIJAKAN,PELAKSANA,16,4,0,12,0,2,0.125,0.125,1,0.682051282,3
A31,OPD-11,DINAS PEKERJAAN UMUM DAN PENATAAN RUANG,JP-10,PENGELOLA BAHAN PERENCANAAN,PELAKSANA,7,4,0,3,1,1,0.142857143,0.142857143,1,0.682051282,2
A32,OPD-11,DINAS PEKERJAAN UMUM DAN PENATAAN RUANG,JP-12,PENGELOLA LAYANAN OPERASIONAL,PELAKSANA,10,5,0,5,2,1,0.1,0.1,1,0.682051282,4
A33,OPD-12,DINAS PENDIDIKAN,JFT-03,ANALIS SDM APARATUR AHLI PERTAMA,FUNGSIONAL TEKNIS,1,0,0,1,0,1,1,1,2,0.786885246,2
A34,OPD-12,DINAS PENDIDIKAN,JFT-11,PENGEMBANG TEKNOLOGI PEMBELAJARAN KEAHLIAN AHLI PERTAMA,FUNGSIONAL TEKNIS,1,0,0,1,0,1,1,1,2,0.786885246,2
A35,OPD-12,DINAS PENDIDIKAN,JP-14,PENGOLAH DATA DAN INFORMASI,PELAKSANA,59,38,10,11,9,8,0.13559322,0.13559322,1,0.786885246,3
A36,OPD-13,DINAS PERDAGANGAN DAN PERINDUSTRIAN,JFT-02,ANALIS PERDAGANGAN AHLI PERTAMA,FUNGSIONAL TEKNIS,4,0,0,4,0,1,0.25,0.25,2,0.533333333,4
A37,OPD-13,DINAS PERDAGANGAN DAN PERINDUSTRIAN,JFT-09,PENGAWAS PERDAGANGAN AHLI PERTAMA,FUNGSIONAL TEKNIS,3,0,0,3,0,1,0.333333333,0.333333333,2,0.533333333,3
A38,OPD-13,DINAS PERDAGANGAN DAN PERINDUSTRIAN,JFT-12,PENYULUH PERINDUSTRIAN DAN PERDAGANGAN AHLI PERTAMA,FUNGSIONAL TEKNIS,5,0,0,5,0,1,0.2,0.2,2,0.533333333,4
A39,OPD-13,DINAS PERDAGANGAN DAN PERINDUSTRIAN,JFT-14,PERENCANA AHLI PERTAMA,FUNGSIONAL TEKNIS,1,0,0,1,0,1,1,1,2,0.533333333,4
A40,OPD-13,DINAS PERDAGANGAN DAN PERINDUSTRIAN,JFT-15,PRANATA KOMPUTER TERAMPIL,FUNGSIONAL TEKNIS,1,0,0,1,0,1,1,1,2,0.533333333,3
A41,OPD-13,DINAS PERDAGANGAN DAN PERINDUSTRIAN,JFT-SW-01,PENERA AHLI PERTAMA,FUNGSIONAL TEKNIS (JFT-SW),2,0,0,2,0,2,1,1,4,0.533333333,4
A42,OPD-13,DINAS PERDAGANGAN DAN PERINDUSTRIAN,JFT-SW-02,PENERA TERAMPIL,FUNGSIONAL TEKNIS (JFT-SW),2,0,0,2,0,1,0.5,0.5,4,0.533333333,2
A43,OPD-13,DINAS PERDAGANGAN DAN PERINDUSTRIAN,JP-08,PENELAAH TEKNIS KEBIJAKAN,PELAKSANA,4,1,0,3,0,1,0.25,0.25,1,0.533333333,4
A44,OPD-14,DINAS SOSIAL,JFT-01,ANALIS KEBENCANAAN AHLI PERTAMA,FUNGSIONAL TEKNIS,1,0,0,1,0,1,1,1,2,0.445378151,3
A45,OPD-14,DINAS SOSIAL,JFT-04,PEKERJA SOSIAL AHLI PERTAMA,FUNGSIONAL TEKNIS,8,0,0,8,0,2,0.25,0.25,2,0.445378151,3
A46,OPD-14,DINAS SOSIAL,JFT-13,PENYULUH SOSIAL AHLI PERTAMA,FUNGSIONAL TEKNIS,8,0,0,8,0,2,0.25,0.25,2,0.445378151,3
A47,OPD-14,DINAS SOSIAL,JFT-14,PERENCANA AHLI PERTAMA,FUNGSIONAL TEKNIS,1,0,0,1,0,1,1,1,2,0.445378151,4
A48,OPD-14,DINAS SOSIAL,JFT-15,PRANATA KOMPUTER TERAMPIL,FUNGSIONAL TEKNIS,3,0,0,3,0,1,0.333333333,0.333333333,2,0.445378151,2
A49,OPD-14,DINAS SOSIAL,JP-08,PENELAAH TEKNIS KEBIJAKAN,PELAKSANA,5,2,0,3,0,2,0.4,0.4,1,0.445378151,3
A50,OPD-14,DINAS SOSIAL,JP-09,PENGADMINISTRASI PERKANTORAN,PELAKSANA,17,6,0,11,1,3,0.176470588,0.176470588,1,0.445378151,2
A51,OPD-14,DINAS SOSIAL,JP-14,PENGOLAH DATA DAN INFORMASI,PELAKSANA,20,8,1,11,0,9,0.45,0.45,1,0.445378151,4
A52,OPD-15,INSPEKTORAT,JFT-08,PENGAWAS PENYELENGGARAAN URUSAN PEMERINTAHAN DAERAH AHLI PERTAMA,FUNGSIONAL TEKNIS,16,3,0,13,0,2,0.125,0.125,2,0.389380531,2
A53,OPD-16,KECAMATAN KOTA,JFT-15,PRANATA KOMPUTER TERAMPIL,FUNGSIONAL TEKNIS,1,0,0,1,0,1,1,1,2,0.676470588,2
A54,OPD-17,KECAMATAN MOJOROTO,JFT-15,PRANATA KOMPUTER TERAMPIL,FUNGSIONAL TEKNIS,1,0,0,1,0,1,1,1,2,1,3
A55,OPD-18,KECAMATAN PESANTREN,JFT-15,PRANATA KOMPUTER TERAMPIL,FUNGSIONAL TEKNIS,1,0,0,1,0,1,1,1,2,0.861111111,4
A56,OPD-18,KECAMATAN PESANTREN,JP-08,PENELAAH TEKNIS KEBIJAKAN,PELAKSANA,2,1,0,1,0,1,0.5,0.5,1,0.861111111,3
A57,OPD-19,KELURAHAN BALOWERTI,JP-14,PENGOLAH DATA DAN INFORMASI,PELAKSANA,6,3,0,3,0,2,0.333333333,0.333333333,1,0.5625,2
A58,OPD-20,KELURAHAN BANDAR KIDUL,JP-14,PENGOLAH DATA DAN INFORMASI,PELAKSANA,6,4,0,2,1,2,0.333333333,0.333333333,1,0.875,4
A59,OPD-21,KELURAHAN BANGSAL,JP-14,PENGOLAH DATA DAN INFORMASI,PELAKSANA,6,5,0,1,2,1,0.166666667,0.166666667,1,0.875,3
A60,OPD-22,KELURAHAN BANJARAN,JP-14,PENGOLAH DATA DAN INFORMASI,PELAKSANA,6,4,1,1,1,1,0.166666667,0.166666667,1,0.875,2
A61,OPD-23,KELURAHAN BANJARMLATI,JP-09,PENGADMINISTRASI PERKANTORAN,PELAKSANA,1,1,0,0,1,1,1,1,1,0.625,2
A62,OPD-23,KELURAHAN BANJARMLATI,JP-14,PENGOLAH DATA DAN INFORMASI,PELAKSANA,7,3,0,4,0,1,0.142857143,0.142857143,1,0.625,4
A63,OPD-24,KELURAHAN BAWANG,JP-14,PENGOLAH DATA DAN INFORMASI,PELAKSANA,7,4,1,2,1,1,0.142857143,0.142857143,1,0.75,2
A64,OPD-25,KELURAHAN BETET,JP-09,PENGADMINISTRASI PERKANTORAN,PELAKSANA,1,0,0,1,0,1,1,1,1,0.625,2
A65,OPD-25,KELURAHAN BETET,JP-14,PENGOLAH DATA DAN INFORMASI,PELAKSANA,7,3,1,3,0,3,0.428571429,0.428571429,1,0.625,2
A66,OPD-26,KELURAHAN BUJEL,JP-09,PENGADMINISTRASI PERKANTORAN,PELAKSANA,2,1,0,1,0,1,0.5,0.5,1,0.75,4
A67,OPD-27,KELURAHAN BURENGAN,JP-14,PENGOLAH DATA DAN INFORMASI,PELAKSANA,6,4,1,1,0,1,0.166666667,0.166666667,1,0.8125,4
A68,OPD-28,KELURAHAN CAMPUREJO,JP-09,PENGADMINISTRASI PERKANTORAN,PELAKSANA,2,1,0,1,1,2,1,1,1,0.75,2
A69,OPD-28,KELURAHAN CAMPUREJO,JP-14,PENGOLAH DATA DAN INFORMASI,PELAKSANA,6,4,1,1,1,2,0.333333333,0.333333333,1,0.75,2
A70,OPD-29,KELURAHAN JAGALAN,JP-08,PENELAAH TEKNIS KEBIJAKAN,PELAKSANA,1,0,0,1,0,1,1,1,1,0.571428571,3
A71,OPD-29,KELURAHAN JAGALAN,JP-14,PENGOLAH DATA DAN INFORMASI,PELAKSANA,5,1,1,3,0,2,0.4,0.4,1,0.571428571,4
A72,OPD-30,KELURAHAN JAMSAREN,JP-09,PENGADMINISTRASI PERKANTORAN,PELAKSANA,2,1,0,1,0,1,0.5,0.5,1,0.625,3
A73,OPD-30,KELURAHAN JAMSAREN,JP-14,PENGOLAH DATA DAN INFORMASI,PELAKSANA,6,1,1,4,0,4,0.666666667,0.666666667,1,0.625,4
A74,OPD-31,KELURAHAN KALIOMBO,JP-09,PENGADMINISTRASI PERKANTORAN,PELAKSANA,2,0,1,1,0,1,0.5,0.5,1,0.875,4
A75,OPD-31,KELURAHAN KALIOMBO,JP-14,PENGOLAH DATA DAN INFORMASI,PELAKSANA,6,5,0,1,0,1,0.166666667,0.166666667,1,0.875,2
A76,OPD-32,KELURAHAN KAMPUNGDALEM,JP-14,PENGOLAH DATA DAN INFORMASI,PELAKSANA,4,3,0,1,1,1,0.25,0.25,1,1,2
A77,OPD-33,KELURAHAN KEMASAN,JP-14,PENGOLAH DATA DAN INFORMASI,PELAKSANA,4,1,0,3,0,3,0.75,0.75,1,0.692307692,3
A78,OPD-34,KELURAHAN KETAMI,JP-14,PENGOLAH DATA DAN INFORMASI,PELAKSANA,6,1,2,3,0,3,0.5,0.5,1,0.6875,3
A79,OPD-35,KELURAHAN MANISRENGGO,JP-14,PENGOLAH DATA DAN INFORMASI,PELAKSANA,5,2,1,2,1,1,0.2,0.2,1,0.8125,3
A80,OPD-36,KELURAHAN MRICAN,JP-14,PENGOLAH DATA DAN INFORMASI,PELAKSANA,6,4,0,2,2,1,0.166666667,0.166666667,1,0.75,3
A81,OPD-37,KELURAHAN NGAMPEL,JP-14,PENGOLAH DATA DAN INFORMASI,PELAKSANA,6,2,1,3,0,2,0.333333333,0.333333333,1,0.75,2
A82,OPD-38,KELURAHAN NGLETIH,JP-14,PENGOLAH DATA DAN INFORMASI,PELAKSANA,4,1,1,2,0,2,0.5,0.5,1,0.714285714,2
A83,OPD-39,KELURAHAN PAKELAN,JP-14,PENGOLAH DATA DAN INFORMASI,PELAKSANA,4,1,2,1,0,1,0.25,0.25,1,0.769230769,2
A84,OPD-40,KELURAHAN PAKUNDEN,JP-08,PENELAAH TEKNIS KEBIJAKAN,PELAKSANA,1,0,0,1,0,1,1,1,1,0.625,2
A85,OPD-40,KELURAHAN PAKUNDEN,JP-14,PENGOLAH DATA DAN INFORMASI,PELAKSANA,6,3,0,3,0,1,0.166666667,0.166666667,1,0.625,2
A86,OPD-41,KELURAHAN PESANTREN,JP-14,PENGOLAH DATA DAN INFORMASI,PELAKSANA,6,2,2,2,0,1,0.166666667,0.166666667,1,0.8,3
A87,OPD-42,KELURAHAN POCANAN,JP-09,PENGADMINISTRASI PERKANTORAN,PELAKSANA,3,0,1,2,0,1,0.333333333,0.333333333,1,0.692307692,4
A88,OPD-42,KELURAHAN POCANAN,JP-14,PENGOLAH DATA DAN INFORMASI,PELAKSANA,4,1,0,3,1,3,0.75,0.75,1,0.692307692,2
A89,OPD-43,KELURAHAN POJOK,JP-14,PENGOLAH DATA DAN INFORMASI,PELAKSANA,6,5,0,1,3,2,0.333333333,0.333333333,1,0.8125,2
A90,OPD-44,KELURAHAN RINGINANOM,JP-08,PENELAAH TEKNIS KEBIJAKAN,PELAKSANA,1,0,0,1,0,1,1,1,1,0.692307692,3
A91,OPD-44,KELURAHAN RINGINANOM,JP-14,PENGOLAH DATA DAN INFORMASI,PELAKSANA,4,0,1,3,0,3,0.75,0.75,1,0.692307692,3
A92,OPD-45,KELURAHAN SEMAMPIR,JP-14,PENGOLAH DATA DAN INFORMASI,PELAKSANA,6,0,2,4,0,3,0.5,0.5,1,0.625,2
A93,OPD-46,KELURAHAN SETONOGEDONG,JP-08,PENELAAH TEKNIS KEBIJAKAN,PELAKSANA,1,0,0,1,0,1,1,1,1,0.769230769,2
A94,OPD-46,KELURAHAN SETONOGEDONG,JP-14,PENGOLAH DATA DAN INFORMASI,PELAKSANA,4,3,0,1,1,1,0.25,0.25,1,0.769230769,4
A95,OPD-47,KELURAHAN SINGONEGARAN,JP-09,PENGADMINISTRASI PERKANTORAN,PELAKSANA,2,0,0,2,0,2,1,1,1,0.625,2
A96,OPD-47,KELURAHAN SINGONEGARAN,JP-14,PENGOLAH DATA DAN INFORMASI,PELAKSANA,6,4,0,2,0,2,0.333333333,0.333333333,1,0.625,3
A97,OPD-48,KELURAHAN SUKORAME,JP-09,PENGADMINISTRASI PERKANTORAN,PELAKSANA,2,0,1,1,0,1,0.5,0.5,1,0.75,4
A98,OPD-48,KELURAHAN SUKORAME,JP-14,PENGOLAH DATA DAN INFORMASI,PELAKSANA,6,3,1,2,1,2,0.333333333,0.333333333,1,0.75,4
A99,OPD-49,KELURAHAN TINALAN,JP-09,PENGADMINISTRASI PERKANTORAN,PELAKSANA,2,0,0,2,0,2,1,1,1,0.75,4
A100,OPD-50,LABKESDA,JFK-16,DOKTER SPESIALIS PATOLOGI KLINIK AHLI PERTAMA,FUNGSIONAL KESEHATAN,1,0,0,1,0,1,1,1,3,0.384615385,4
A101,OPD-50,LABKESDA,JFK-19,ENTOMOLOG KESEHATAN TERAMPIL,FUNGSIONAL KESEHATAN,1,0,0,1,0,1,1,1,3,0.384615385,3
A102,OPD-50,LABKESDA,JFK-22,EPIDEMIOLOG KESEHATAN TERAMPIL,FUNGSIONAL KESEHATAN,1,0,0,1,0,1,1,1,3,0.384615385,4
A103,OPD-50,LABKESDA,JFK-29,PRANATA LABORATORIUM KESEHATAN AHLI PERTAMA,FUNGSIONAL KESEHATAN,1,0,0,1,0,1,1,1,3,0.384615385,4
A104,OPD-50,LABKESDA,JFK-30,PRANATA LABORATORIUM KESEHATAN TERAMPIL,FUNGSIONAL KESEHATAN,7,5,0,2,0,2,0.285714286,0.285714286,3,0.384615385,4
A105,OPD-50,LABKESDA,JFK-32,SANITARIAN TERAMPIL,FUNGSIONAL KESEHATAN,1,0,0,1,0,1,1,1,3,0.384615385,3
A106,OPD-51,PKM BALOWERTI,JFK-05,BIDAN TERAMPIL,FUNGSIONAL KESEHATAN,15,6,3,6,0,3,0.2,0.2,3,0.626168224,3
A107,OPD-51,PKM BALOWERTI,JFK-06,DOKTER AHLI PERTAMA,FUNGSIONAL KESEHATAN,3,1,1,1,0,1,0.333333333,0.333333333,3,0.626168224,4
A108,OPD-51,PKM BALOWERTI,JFK-23,NUTRISIONIS TERAMPIL,FUNGSIONAL KESEHATAN,1,0,0,1,0,1,1,1,3,0.626168224,2
A109,OPD-51,PKM BALOWERTI,JFK-27,PERAWAT TERAMPIL,FUNGSIONAL KESEHATAN,6,3,1,2,0,1,0.166666667,0.166666667,3,0.626168224,3
A110,OPD-52,PKM CAMPUREJO,JFK-04,BIDAN AHLI PERTAMA,FUNGSIONAL KESEHATAN,1,0,0,1,0,1,1,1,3,0.5625,4
A111,OPD-52,PKM CAMPUREJO,JFK-21,EPIDEMIOLOG KESEHATAN PELAKSANA,PELAKSANA,1,0,0,1,0,1,1,1,1,0.5625,4
A112,OPD-52,PKM CAMPUREJO,JFK-28,PEREKAM MEDIS TERAMPIL,FUNGSIONAL KESEHATAN,1,0,0,1,0,1,1,1,3,0.5625,3
A113,OPD-52,PKM CAMPUREJO,JFK-30,PRANATA LABORATORIUM KESEHATAN TERAMPIL,FUNGSIONAL KESEHATAN,1,0,0,1,0,1,1,1,3,0.5625,4
A114,OPD-52,PKM CAMPUREJO,JP-14,PENGOLAH DATA DAN INFORMASI,PELAKSANA,2,0,0,2,0,1,0.5,0.5,1,0.5625,4
A115,OPD-53,PKM KOWILSEL,JFK-20,ENTOMOLOG TERAMPIL,FUNGSIONAL KESEHATAN,1,0,0,1,0,1,1,1,3,0.530612245,3
A116,OPD-53,PKM KOWILSEL,JFK-23,NUTRISIONIS TERAMPIL,FUNGSIONAL KESEHATAN,1,0,0,1,0,1,1,1,3,0.530612245,3
A117,OPD-53,PKM KOWILSEL,JFK-27,PERAWAT TERAMPIL,FUNGSIONAL KESEHATAN,7,3,2,2,0,2,0.285714286,0.285714286,3,0.530612245,3
A118,OPD-53,PKM KOWILSEL,JFK-30,PRANATA LABORATORIUM KESEHATAN TERAMPIL,FUNGSIONAL KESEHATAN,1,0,0,1,0,1,1,1,3,0.530612245,4
A119,OPD-53,PKM KOWILSEL,JP-03,OPERATOR LAYANAN OPERASIONAL,PELAKSANA,4,0,3,1,0,1,0.25,0.25,1,0.530612245,4
A120,OPD-53,PKM KOWILSEL,JP-09,PENGADMINISTRASI PERKANTORAN,PELAKSANA,6,1,1,4,0,4,0.666666667,0.666666667,1,0.530612245,4
A121,OPD-54,PKM KOWILUT,JFK-02,APOTEKER AHLI PERTAMA,FUNGSIONAL KESEHATAN,1,0,0,1,0,1,1,1,3,0.558139535,4
A122,OPD-54,PKM KOWILUT,JFK-22,EPIDEMIOLOG KESEHATAN TERAMPIL,FUNGSIONAL KESEHATAN,1,0,0,1,0,1,1,1,3,0.558139535,4
A123,OPD-54,PKM KOWILUT,JFK-33,TERAPIS GIGI DAN MULUT TERAMPIL,FUNGSIONAL KESEHATAN,1,0,0,1,0,1,1,1,3,0.558139535,2
A124,OPD-54,PKM KOWILUT,JP-14,PENGOLAH DATA DAN INFORMASI,PELAKSANA,1,0,0,1,0,1,1,1,1,0.558139535,4
A125,OPD-55,PKM MRICAN,JFK-03,ASISTEN APOTEKER TERAMPIL,FUNGSIONAL KESEHATAN,2,0,0,2,0,2,1,1,3,0.572916667,3
A126,OPD-55,PKM MRICAN,JFK-04,BIDAN AHLI PERTAMA,FUNGSIONAL KESEHATAN,1,0,0,1,0,1,1,1,3,0.572916667,4
A127,OPD-55,PKM MRICAN,JFK-06,DOKTER AHLI PERTAMA,FUNGSIONAL KESEHATAN,2,1,0,1,0,1,0.5,0.5,3,0.572916667,2
A128,OPD-55,PKM MRICAN,JFK-27,PERAWAT TERAMPIL,FUNGSIONAL KESEHATAN,8,2,5,1,0,1,0.125,0.125,3,0.572916667,4
A129,OPD-55,PKM MRICAN,JP-09,PENGADMINISTRASI PERKANTORAN,PELAKSANA,7,0,2,5,0,2,0.285714286,0.285714286,1,0.572916667,4
A130,OPD-55,PKM MRICAN,JP-14,PENGOLAH DATA DAN INFORMASI,PELAKSANA,2,0,0,2,0,2,1,1,1,0.572916667,4
A131,OPD-56,PKM NGLETIH,JFK-26,PERAWAT AHLI PERTAMA,FUNGSIONAL KESEHATAN,3,0,1,2,0,1,0.333333333,0.333333333,3,0.647058824,4
A132,OPD-56,PKM NGLETIH,JP-03,OPERATOR LAYANAN OPERASIONAL,PELAKSANA,8,0,7,1,0,1,0.125,0.125,1,0.647058824,2
A133,OPD-56,PKM NGLETIH,JP-09,PENGADMINISTRASI PERKANTORAN,PELAKSANA,3,0,0,3,0,1,0.333333333,0.333333333,1,0.647058824,3
A134,OPD-57,PKM PESANTREN 1,JFK-06,DOKTER AHLI PERTAMA,FUNGSIONAL KESEHATAN,2,1,0,1,0,1,0.5,0.5,3,0.577777778,2
A135,OPD-57,PKM PESANTREN 1,JP-03,OPERATOR LAYANAN OPERASIONAL,PELAKSANA,4,0,1,3,0,1,0.25,0.25,1,0.577777778,4
A136,OPD-57,PKM PESANTREN 1,JP-08,PENELAAH TEKNIS KEBIJAKAN,PELAKSANA,1,0,0,1,0,1,1,1,1,0.577777778,2
A137,OPD-58,PKM PESANTREN 2,JFK-05,BIDAN TERAMPIL,FUNGSIONAL KESEHATAN,11,5,2,4,0,1,0.090909091,0.090909091,3,0.424,3
A138,OPD-58,PKM PESANTREN 2,JFK-06,DOKTER AHLI PERTAMA,FUNGSIONAL KESEHATAN,3,2,0,1,0,1,0.333333333,0.333333333,3,0.424,4
A139,OPD-58,PKM PESANTREN 2,JFK-07,DOKTER GIGI AHLI PERTAMA,FUNGSIONAL KESEHATAN,1,0,0,1,0,1,1,1,3,0.424,3
A140,OPD-58,PKM PESANTREN 2,JFK-23,NUTRISIONIS TERAMPIL,FUNGSIONAL KESEHATAN,2,1,0,1,0,1,0.5,0.5,3,0.424,2
A141,OPD-58,PKM PESANTREN 2,JFK-27,PERAWAT TERAMPIL,FUNGSIONAL KESEHATAN,13,1,2,10,0,5,0.384615385,0.384615385,3,0.424,3
A142,OPD-58,PKM PESANTREN 2,JFK-31,PROMOSI KESEHATAN DAN ILMU PERILAKU TERAMPIL,FUNGSIONAL KESEHATAN,1,0,0,1,0,1,1,1,3,0.424,3
A143,OPD-58,PKM PESANTREN 2,JP-03,OPERATOR LAYANAN OPERASIONAL,PELAKSANA,7,0,5,2,0,1,0.142857143,0.142857143,1,0.424,3
A144,OPD-58,PKM PESANTREN 2,JP-09,PENGADMINISTRASI PERKANTORAN,PELAKSANA,6,1,2,3,2,2,0.333333333,0.333333333,1,0.424,4
A145,OPD-58,PKM PESANTREN 2,JP-14,PENGOLAH DATA DAN INFORMASI,PELAKSANA,3,1,0,2,0,1,0.333333333,0.333333333,1,0.424,2
A146,OPD-59,PKM SUKORAME,JFK-03,ASISTEN APOTEKER TERAMPIL,FUNGSIONAL KESEHATAN,2,0,1,1,0,1,0.5,0.5,3,0.505154639,3
A147,OPD-59,PKM SUKORAME,JFK-22,EPIDEMIOLOG KESEHATAN TERAMPIL,FUNGSIONAL KESEHATAN,1,0,0,1,0,1,1,1,3,0.505154639,3
A148,OPD-59,PKM SUKORAME,JFK-25,PENYULUH KESEHATAN MASYARAKAT AHLI PERTAMA,FUNGSIONAL KESEHATAN,1,0,0,1,0,1,1,1,3,0.505154639,4
A149,OPD-59,PKM SUKORAME,JFK-27,PERAWAT TERAMPIL,FUNGSIONAL KESEHATAN,9,1,1,7,0,3,0.333333333,0.333333333,3,0.505154639,3
A150,OPD-59,PKM SUKORAME,JFK-30,PRANATA LABORATORIUM KESEHATAN TERAMPIL,FUNGSIONAL KESEHATAN,2,1,0,1,0,1,0.5,0.5,3,0.505154639,3
A151,OPD-59,PKM SUKORAME,JP-14,PENGOLAH DATA DAN INFORMASI,PELAKSANA,2,0,0,2,0,2,1,1,1,0.505154639,4
A152,OPD-60,RSUD GAMBIRAN,JFK-08,DOKTER SP. JANTUNG AHLI PERTAMA,FUNGSIONAL KESEHATAN,3,1,1,1,0,1,0.333333333,0.333333333,3,0.760336907,4
A153,OPD-60,RSUD GAMBIRAN,JFK-09,DOKTER SP. KEDOKTERAN FISIK DAN REHABILITASI (SP.KFR) AHLI PERTAMA,FUNGSIONAL KESEHATAN,2,0,0,2,0,1,0.5,0.5,3,0.760336907,2
A154,OPD-60,RSUD GAMBIRAN,JFK-10,DOKTER SP. PATOLOGI KLINIK (SP.PK) AHLI PERTAMA,FUNGSIONAL KESEHATAN,1,0,0,1,0,1,1,1,3,0.760336907,2
A155,OPD-60,RSUD GAMBIRAN,JFK-11,DOKTER SP. TORAKS DAN KARDIOVASKULER AHLI PERTAMA,FUNGSIONAL KESEHATAN,1,0,0,1,0,1,1,1,3,0.760336907,4
A156,OPD-60,RSUD GAMBIRAN,JFK-27,PERAWAT TERAMPIL,FUNGSIONAL KESEHATAN,87,19,49,19,0,1,0.011494253,0.011494253,3,0.760336907,4
A157,OPD-61,RSUD KILISUCI,JFK-06,DOKTER AHLI PERTAMA,FUNGSIONAL KESEHATAN,7,5,0,2,0,2,0.285714286,0.285714286,3,0.627329193,4
A158,OPD-61,RSUD KILISUCI,JFK-12,DOKTER SPESIALIS ANESTESIOLOGI DAN TERAPI INTENSIF AHLI PERTAMA,FUNGSIONAL KESEHATAN,1,0,0,1,0,1,1,1,3,0.627329193,4
A159,OPD-61,RSUD KILISUCI,JFK-13,DOKTER SPESIALIS BEDAH AHLI PERTAMA,FUNGSIONAL KESEHATAN,1,0,0,1,0,1,1,1,3,0.627329193,3
A160,OPD-61,RSUD KILISUCI,JFK-14,DOKTER SPESIALIS MATA AHLI PERTAMA,FUNGSIONAL KESEHATAN,1,0,0,1,0,1,1,1,3,0.627329193,4
A161,OPD-61,RSUD KILISUCI,JFK-15,DOKTER SPESIALIS OBSTETRI DAN GINEKOLOGI AHLI PERTAMA,FUNGSIONAL KESEHATAN,1,0,0,1,0,1,1,1,3,0.627329193,3
A162,OPD-61,RSUD KILISUCI,JFK-16,DOKTER SPESIALIS PATOLOGI KLINIK AHLI PERTAMA,FUNGSIONAL KESEHATAN,1,0,0,1,0,1,1,1,3,0.627329193,4
A163,OPD-61,RSUD KILISUCI,JFK-17,DOKTER SPESIALIS PENYAKIT DALAM AHLI PERTAMA,FUNGSIONAL KESEHATAN,2,1,0,1,0,1,0.5,0.5,3,0.627329193,2
A164,OPD-61,RSUD KILISUCI,JFK-24,PENATA ANESTESI AHLI PERTAMA,FUNGSIONAL KESEHATAN,1,0,0,1,0,1,1,1,3,0.627329193,4
A165,OPD-61,RSUD KILISUCI,JP-02,OPERATOR LAYANAN KESEHATAN,PELAKSANA,13,1,5,7,0,2,0.153846154,0.153846154,1,0.627329193,4
A166,OPD-61,RSUD KILISUCI,JP-14,PENGOLAH DATA DAN INFORMASI,PELAKSANA,11,3,6,2,0,2,0.181818182,0.181818182,1,0.627329193,3
A167,OPD-62,SATUAN POLISI PAMONG PRAJA,JFT-05,PEMADAM KEBAKARAN PEMULA,FUNGSIONAL TEKNIS,27,3,0,24,0,24,0.888888889,0.888888889,2,0.641114983,2
A168,OPD-62,SATUAN POLISI PAMONG PRAJA,JP-15,PRANATA TRANTIBUM,PELAKSANA,129,12,115,2,5,2,0.015503876,0.015503876,1,0.641114983,3
